NUM;NAME;LAST_NAME;EMAIL;PHONE
1;Иван1;Иванов1;no@mail.com;555666
2;Иван2;Иванов2;no@mail.com;555666
3;Иван3;Иванов3;no@mail.com;555666
4;Иван4;Иванов4;no@mail.com;555666
5;Иван5;Иванов5;no@mail.com;555666
6;Иван6;Иванов6;no@mail.com;555666
7;Иван7;Иванов7;no@mail.com;555666
8;Иван8;Иванов8;no@mail.com;555666
9;Иван9;Иванов9;no@mail.com;555666
10;Иван10;Иванов10;no@mail.com;555666
11;Иван11;Иванов11;no@mail.com;555666
12;Иван12;Иванов12;no@mail.com;555666
13;Иван13;Иванов13;no@mail.com;555666
14;Иван14;Иванов14;no@mail.com;555666
15;Иван15;Иванов15;no@mail.com;555666
16;Иван16;Иванов16;no@mail.com;555666
17;Иван17;Иванов17;no@mail.com;555666
18;Иван18;Иванов18;no@mail.com;555666
19;Иван19;Иванов19;no@mail.com;555666
20;Иван20;Иванов20;no@mail.com;555666